Symbol,link
ABM,https://vn.investing.com//equities/asia-biomass-dividends
ABPIF,https://vn.investing.com//funds/amata-b-power-power-plant-infrastr-dividends
ACG,
AJ,https://vn.investing.com//equities/a.j.-plast-dividends
ALLA,https://vn.investing.com//equities/alla-pcl-dividends
AMA,https://vn.investing.com//equities/ama-marine-pcl-dividends
ARIN,https://vn.investing.com//equities/arinsiri-land-pcl-dividends
AU,https://vn.investing.com//equities/after-you-public-co-ltd-dividends
BBIK,https://vn.investing.com//equities/bluebik-pcl-dividends
BKKCP,https://vn.investing.com//funds/bangkok-commercial-property-dividends
BLISS,
BRI,https://vn.investing.com//equities/britania-pcl-dividends
COMAN,https://vn.investing.com//equities/comanche-international-pcl-dividends
CPNCG,https://vn.investing.com//funds/cpn-commercial-growth-leasehold-dividends
CPT,https://vn.investing.com//equities/cpt-drives-dividends
CTARAF,https://vn.investing.com//funds/centara-hotels-resorts-lease-prop-dividends
D,https://vn.investing.com//equities/dental-corporation-pcl-dividends
DDD,https://vn.investing.com//equities/do-day-dream-dividends
DIF,https://vn.investing.com//funds/digital-telecommunications-infrast-dividends
DMT,
DPAINT,https://vn.investing.com//equities/delta-paint-pcl-dividends
EA,https://vn.investing.com//equities/energy-dividends
EGATIF,https://vn.investing.com//funds/north-bk-power-plant-block-1-infr-dividends
ERWPF,https://vn.investing.com//funds/erawan-hotel-growth-property-dividends
ETC,https://vn.investing.com/equities/earth-tech-environment-pcl-dividends
ETE,https://vn.investing.com//equities/eastern-technical-engineering-co-dividends
FN,https://vn.investing.com//equities/fn-factory-outlet-pcl-dividends
FUTUREPF,https://vn.investing.com//funds/future-park-property-dividends
GGC,https://vn.investing.com//equities/global-green-chemicals-pcl-dividends
GSTEEL,
GULF,https://vn.investing.com//equities/gulf-energy-dividends
HANA,https://vn.investing.com//equities/hana-micro-ele-dividends
HUMAN,https://vn.investing.com//equities/humanica-dividends
III,https://vn.investing.com//equities/triple-i-logistics-dividends
IND,https://vn.investing.com//equities/index-international-group-pcl-dividends
INGRS,https://vn.investing.com//equities/ingress-industrial-thailand-dividends
IRPC,https://vn.investing.com//equities/irpc-dividends
JASIF,https://vn.investing.com//funds/jasmine-broadband-internet-infr-dividends
JKN,https://vn.investing.com//equities/jkn-global-media-dividends
KCE,https://vn.investing.com//equities/kce-elec-dividends
KPNPF,https://vn.investing.com//funds/kpn-property-dividends
LHHOTEL,https://vn.investing.com//funds/lh-hotel-leasehold-re-invest-dividends
LHPF,https://vn.investing.com//funds/land-houses-freehold-leasehold-prop-dividends
LUXF,https://vn.investing.com//funds/luxury-real-estate-investment-dividends
MCS,https://vn.investing.com//equities/mcs-steel-dividends
M-II,https://vn.investing.com//funds/mfc-industrial-investment-p-l-dividends
MIPF,https://vn.investing.com//funds/millionaire-property-dividends
MJLF,https://vn.investing.com//funds/major-cineplex-lifestyle-lease-prop-dividends
MNIT,https://vn.investing.com//funds/mfcnichada-thani-property-dividends
MNIT2,https://vn.investing.com//funds/mfcnichada-thani-property-2-dividends
MNRF,https://vn.investing.com//funds/multinational-residence-dividends
M-STOR,https://vn.investing.com//funds/mfcstrategic-storage-dividends
MUD,https://vn.investing.com//equities/mudman-pcl-dividends
MVP,https://vn.investing.com//equities/m-vision-dividends
NCAP,https://vn.investing.com//equities/next-capital-plc-dividends
NINE,
NOK,
POMPUI,
PRIME,https://vn.investing.com//equities/food-capitals-pcl-dividends
PRM,https://vn.investing.com//equities/prima-marine-dividends
PRO,
PTTGC,https://vn.investing.com//equities/ptt-global-che-dividends
QHHR,https://vn.investing.com//funds/quality-houses-hotel-residence-free-dividends
QHOP,https://vn.investing.com//funds/quality-hospitality-leasehold-prop-dividends
QHPF,https://vn.investing.com//funds/quality-houses-property-dividends
RCL,https://vn.investing.com//equities/regional-cont-dividends
RSP,https://vn.investing.com//equities/rich-sport-dividends
SAFARI,
SAT,https://vn.investing.com//equities/somboon-advanc-dividends
SCI,
SDC,https://vn.investing.com//equities/samart-digital-dividends
SHR,https://vn.investing.com//equities/s-hotels-and-resorts-public-co-ltd-dividends
SKE,https://vn.investing.com//equities/sakol-energy-dividends
SKN,https://vn.investing.com//equities/s-kijchai-enterprise-dividends
SMART,https://vn.investing.com//funds/mfc-smart-fixed-income-fund-dividends
SSP,https://vn.investing.com//equities/sermsang-power-dividends
SSPF,https://vn.investing.com//funds/sala-@-sathorn-property-dividends
STA,https://vn.investing.com//equities/sri-trang-agro-dividends
STHAI,
SUN,https://vn.investing.com/equities/sun-sweet-dividends
THL,
THMUI,https://vn.investing.com//equities/thai-mui-dividends
TIF1,https://vn.investing.com//funds/thai-industrial-1-dividends
TITLE,https://vn.investing.com//equities/rhom-bho-property-dividends
TLHPF,https://vn.investing.com//funds/thailand-hospitality-property-dividends
TNP,https://vn.investing.com//funds/thana-phum-open-end-fund-dividends
TNPF,https://vn.investing.com//funds/trinity-freehold-leasehold-prp-dividends
TNR,https://vn.investing.com//equities/thai-nippon-rubber-industry-pcl-dividends
TOP,https://vn.investing.com//equities/thai-oil-dividends
TPIPL,https://vn.investing.com//equities/tpi-polene-dividends
TPIPP,https://vn.investing.com//equities/tpi-polene-power-pcl-dividends
True,https://vn.investing.com/equities/true-corporati-dividends
TRV,https://vn.investing.com//equities/trv-rubber-products-pcl-dividends
TSF,https://vn.investing.com//funds/tisco-strategic-dividends
TSI,https://vn.investing.com//equities/thai-setakij-dividends
TSTE,https://vn.investing.com//equities/thai-sugar-ter-dividends
TSTH,https://vn.investing.com//equities/tata-steel-bk-dividends
TTA,https://vn.investing.com//equities/thoresen-thai-dividends
TTB,https://vn.investing.com//equities/tmb-bank-pcl?cid=102836-dividends
TTI,https://vn.investing.com//equities/thai-textile-i-dividends
TTLPF,https://vn.investing.com//funds/talaad-thai-leasehold-property-dividends
TU,https://vn.investing.com//equities/thai-union-group-pcl-dividends
TU-PF,https://vn.investing.com//funds/tudome-residential-complex-property-dividends
UMS,https://vn.investing.com//equities/unique-mining-dividends
UNIQ,https://vn.investing.com//equities/unique-enginee-dividends
UOBKH,https://vn.investing.com//equities/uob-kay-hian-dividends
UP,https://vn.investing.com//equities/union-plastic-dividends
UPA,https://vn.investing.com//equities/cyberplanet-dividends
UPF,https://vn.investing.com//equities/union-pioneer-dividends
UPOIC,https://vn.investing.com//equities/united-palm-oi-dividends
URBNPF,https://vn.investing.com//funds/urbana-property-dividends
UREKA,https://vn.investing.com//equities/eureka-design-dividends
UT,https://vn.investing.com//equities/union-textile-dividends
UTP,https://vn.investing.com//equities/united-paper-dividends
UV,https://vn.investing.com//equities/univentures-dividends
UVAN,https://vn.investing.com//equities/univanich-palm-dividends
VARO,https://vn.investing.com//equities/varopakorn-co-dividends
VCOM,https://vn.investing.com//equities/vintcom-tech-dividends
VGI,https://vn.investing.com//equities/vgi-global-dividends
VIBHA,https://vn.investing.com//equities/vibhavadi-med-dividends
VIH,https://vn.investing.com//equities/srivichai-vejv-dividends
VL,https://vn.investing.com//equities/v-l-enterprise-pcl-dividends
VNG,https://vn.investing.com//equities/vanachai-group-dividends
VNT,https://vn.investing.com//equities/vinythai-dividends
VPO,https://vn.investing.com//equities/vichitbhan-palmoil-pcl-dividends
VRANDA,https://vn.investing.com//equities/veranda-resort-dividends
W,https://vn.investing.com//equities/electronics-in-dividends
WACOAL,https://vn.investing.com//equities/thai-wacoal-co-dividends
WAVE,https://vn.investing.com//equities/wave-entertain-dividends
WFX,
WGE,https://vn.investing.com//equities/well-graded-engineering-dividends
WHA,https://vn.investing.com//equities/wha-corporatio-dividends
WHABT,https://vn.investing.com//equities/wha-business-complex-freehold-dividends
WHART,https://vn.investing.com//equities/wha-premium-growth-freehold-dividends
WHAUP,https://vn.investing.com//equities/wha-utilities-and-power-pcl-dividends
WICE,https://vn.investing.com//equities/wice-logistics-pcl-dividends
WIIK,https://vn.investing.com//equities/wiik---hoeg-dividends
WIN,https://vn.investing.com//equities/wyncoast-indus-dividends
WINMED,https://vn.investing.com//equities/winnergy-medical-pcl-dividends
WINNER,https://vn.investing.com//equities/winner-group-e-dividends
WORK,https://vn.investing.com//equities/workpoint-ente-dividends
WORLD,
WP,https://vn.investing.com//equities/wp-energy-dividends
WPH,https://vn.investing.com//equities/wattanapat-hospital-dividends
XO,https://vn.investing.com//equities/exotic-food-pcl-dividends
XPG,https://vn.investing.com//equities/seamico-sec-dividends
YGG,https://vn.investing.com//equities/yggdrazil-group-pcl-dividends
YUASA,https://vn.investing.com//equities/yuasa-battery-dividends
ZEN,https://vn.investing.com//equities/zen-corp-dividends
ZIGA,https://vn.investing.com//equities/ziga-innovation-dividends
